{
  "project_info": {
    "project_number": "78312047887",
    "firebase_url": "https://phone-e22cb-default-rtdb.asia-southeast1.firebasedatabase.app",
    "project_id": "phone-e22cb",
    "storage_bucket": "phone-e22cb.appspot.com"
  },
  "client": [
    {
      "client_info": {
        "mobilesdk_app_id": "1:78312047887:android:9912ad58c3b27fee65aa7a",
        "android_client_info": {
          "package_name": "com.item.phoneshop"
        }
      },
      "oauth_client": [],
      "api_key": [
        {
          "current_key": "AIzaSyBr-n3DFEPiMlivzYZuv2UGj5hRQEV9S5E"
        }
      ],
      "services": {
        "appinvite_service": {
          "other_platform_oauth_client": []
        }
      }
    },
    {
      "client_info": {
        "mobilesdk_app_id": "1:78312047887:android:c3541c9c3a4f5d9465aa7a",
        "android_client_info": {
          "package_name": "com.phone.app"
        }
      },
      "oauth_client": [],
      "api_key": [
        {
          "current_key": "AIzaSyBr-n3DFEPiMlivzYZuv2UGj5hRQEV9S5E"
        }
      ],
      "services": {
        "appinvite_service": {
          "other_platform_oauth_client": []
        }
      }
    }
  ],
  "configuration_version": "1"
}